{
  "mean": {
    "age": 40.01411229135053,
    "campaign": 2.5606069802731413,
    "emp.var.rate": 0.08047040971168437,
    "cons.price.idx": 93.57588130500757,
    "cons.conf.idx": -40.50848861911987,
    "euribor3m": 3.618395386949924,
    "nr.employed": 5166.899650986343,
    "is_senior": 0.02880121396054628,
    "is_young": 0.18024279210925645,
    "age_squared": 1709.3615477996966,
    "age_bin": 2.4396054628224584,
    "single_call": 0.42855842185128984,
    "high_campaign": 0.08160849772382398,
    "euribor_low": 0.0950227617602428,
    "euribor_high": 0.6711987860394537,
    "confidence_low": 0.5990591805766312,
    "confidence_high": 0.01748103186646434,
    "campaign_x_empvar": 0.8502063732928677,
    "euribor_x_confidence": -144.3482815144158,
    "euribor_x_price": 339.2843004196662,
    "empvar_x_employed": 518.9308424886186,
    "age_x_campaign": 102.55496206373293,
    "age_x_empvar": 3.25688315629742,
    "campaign_x_confidence": -103.90423672230654,
    "euribor_x_employed": 18814.702649569044,
    "price_x_confidence": -3790.4622660546293,
    "empvar_x_confidence": -1.838152352048556,
    "economic_ratio": 0.08919450421670487,
    "employment_ratio": 0.011671594725908582,
    "price_per_confidence": 2.284402873652812,
    "campaign_intensity": 0.06620721912922524,
    "euribor_per_employed": 0.6959368254536374
  },
  "std": {
    "age": 10.403478520902846,
    "campaign": 2.752284016934917,
    "emp.var.rate": 1.5712423460834843,
    "cons.price.idx": 0.5791997300127621,
    "cons.conf.idx": 4.628152998119007,
    "euribor3m": 1.7358699677084322,
    "nr.employed": 72.43371270650675,
    "is_senior": 0.16724743356758906,
    "is_young": 0.3843895524099424,
    "age_squared": 928.2169876719364,
    "age_bin": 1.0218450816517162,
    "single_call": 0.4948697817725606,
    "high_campaign": 0.2737673297219458,
    "euribor_low": 0.29324637509728735,
    "euribor_high": 0.4697775810515199,
    "confidence_low": 0.49008905185025947,
    "confidence_high": 0.13105512348377685,
    "campaign_x_empvar": 5.382814032393669,
    "euribor_x_confidence": 67.20835312398765,
    "euribor_x_price": 163.47375952444006,
    "empvar_x_employed": 8052.781419703928,
    "age_x_campaign": 117.0566662981943,
    "age_x_empvar": 66.29071676183764,
    "campaign_x_confidence": 113.05697179152334,
    "euribor_x_employed": 9127.948548694147,
    "price_x_confidence": 430.34410182321153,
    "empvar_x_confidence": 62.786849612321035,
    "economic_ratio": 0.04502715579732007,
    "employment_ratio": 0.3066788407462401,
    "price_per_confidence": 0.27158521259626994,
    "campaign_intensity": 0.07430409376211126,
    "euribor_per_employed": 0.33003201427582685
  }
}