{
  "best_threshold": 0.23999999999999988,
  "deployment_threshold": 0.23999999999999988
}